{"G": 1277.5349345304528, "V": 4.599721232239081, "sensitivity": [94549.1640625, 7594.87646484375]}